order_id|user_id|order_number|order_dow|order_hour_of_day
2808127|701|1|2|14
2677145|701|2|3|11
740361|701|3|1|13
2866491|701|4|3|12
1676999|701|5|4|11
3012416|701|6|0|17
3164079|701|7|1|17
2865586|1562|1|6|11
773215|1562|2|2|13
1236578|1562|3|3|10
3030076|1562|4|2|17
1178381|1562|5|1|11
303802|1562|6|4|21
2999962|1562|7|5|11
779201|1562|8|2|19
1563777|4789|1|0|18
3326827|4789|2|4|7
3089555|4789|3|3|8
2715899|4789|4|0|17
2858013|4789|5|4|20
1588504|4789|6|4|21
219891|4789|7|1|13
1265732|4789|8|1|21
2362948|4789|9|1|12
2170107|4789|10|0|22
764817|4789|11|2|8
734554|4789|12|2|20
679659|4789|13|2|8
2672673|4789|14|1|13
1957077|4789|15|0|21
162700|4789|16|1|20
3411755|4789|17|1|9
314663|4789|18|1|16
3368830|4789|19|6|11
178509|4789|20|3|6
9057|4789|21|0|22
1385925|4789|22|0|21
2299133|4789|23|1|9
4604|4789|24|0|19
2789958|4789|25|2|8
3223159|4789|26|0|13
1873809|4789|27|1|7
463636|4789|28|0|18
1293166|4789|29|0|11
1116333|4789|30|0|13
70761|4789|31|1|9
753551|4789|32|3|9
600448|4789|33|0|20
2042520|4789|34|4|10
64525|4789|35|6|9
508177|4789|36|1|15
2442650|4789|37|6|10
2077317|4789|38|4|20
664255|4789|39|0|8
3334566|4789|40|4|14
2022891|4789|41|0|21
813924|4789|42|1|8
447116|4789|43|4|5
642215|4789|44|2|16
256278|4789|45|0|19
144668|4789|46|1|11
678876|4789|47|1|14
1960888|4789|48|0|21
413476|4789|49|0|21
2791120|4789|50|1|13
1749820|4789|51|4|14
2341183|4789|52|0|8
2175998|4789|53|2|21
2938556|4789|54|2|9
833626|5225|1|5|18
3082467|5225|2|3|8
1635525|5225|3|5|14
2951326|5225|4|6|9
300017|5225|5|4|9
73495|5225|6|6|13
1205502|5225|7|4|11
1514278|5225|8|3|17
2303682|5225|9|6|9
304682|5939|1|0|8
3151884|5939|2|0|18
1019001|5939|3|6|14
705800|5939|4|6|11
1529287|5939|5|0|8
701111|5939|6|6|11
1782009|5939|7|6|12
2434562|5939|8|0|15
582751|5939|9|6|14
563229|5939|10|0|13
2453309|5939|11|2|21
1189282|5939|12|5|9
1962431|5939|13|6|15
2551820|5939|14|5|6
1298349|5939|15|0|9
2762467|5939|16|0|8
1076080|5939|17|1|13
2906957|5939|18|0|12
530374|5939|19|4|12
1519969|5939|20|4|12
1202849|5939|21|5|17
3417424|5939|22|5|16
1307905|5939|23|1|9
2664723|5939|24|5|19
3160347|5939|25|1|15
2715492|5939|26|5|18
2008320|5939|27|0|8
3408091|5939|28|2|9
1042210|5939|29|3|7
1593543|5939|30|5|16
812267|6043|1|0|10
1368288|6043|2|5|14
1536007|6043|3|3|11
3145512|6043|4|6|8
1334050|6043|5|4|11
1217160|6043|6|2|11
1288236|6043|7|0|13
2985593|6389|1|0|14
2580667|6389|2|3|17
3211316|6389|3|4|19
632501|6389|4|1|19
1627082|6389|5|3|18
182422|6389|6|3|19
275825|7968|1|3|18
2228058|7968|2|5|10
946925|7968|3|6|17
741292|7968|4|6|9
963726|7968|5|5|11
1648557|7968|6|5|15
1481748|7968|7|6|9
239706|7968|8|5|16
2040872|7968|9|6|22
2737401|7968|10|5|17
1810688|7968|11|6|16
353485|7968|12|5|16
2170247|12906|1|0|10
2517184|12906|2|1|17
1711787|12906|3|1|10
3018402|12906|4|1|12
874090|12906|5|6|17
923823|12906|6|1|16
1561719|12906|7|1|10
109489|12906|8|1|15
1849290|12906|9|0|15
2443571|12906|10|1|10
2961011|12906|11|0|10
2090120|12906|12|3|11
3009961|12906|13|1|14
2597728|12906|14|2|14
1212765|12906|15|1|9
3278394|12906|16|1|17
701249|12906|17|1|19
959923|12906|18|1|19
19780|12906|19|6|9
856603|12906|20|2|15
2846774|12906|21|6|9
2528646|12906|22|0|18
844535|12906|23|1|10
2403109|12906|24|6|11
1792693|12906|25|0|13
1921675|12906|26|3|21
789135|12906|27|2|11
2626934|12906|28|0|11
2619389|12906|29|0|10
1824430|12906|30|1|11
1565913|12906|31|0|19
2852695|12906|32|0|13
66066|12906|33|0|21
40874|12906|34|3|9
994717|12906|35|5|20
141788|12906|36|3|12
3187761|12906|37|0|13
154764|12906|38|0|10
874592|12906|39|1|13
2985531|12906|40|6|10
20489|12906|41|4|15
2582543|12906|42|1|16
1614860|12906|43|5|13
2513760|12906|44|1|9
941411|12906|45|2|15
3223093|12906|46|1|10
1710633|12906|47|3|8
415384|12906|48|2|14
2763788|12906|49|1|8
1584964|12906|50|5|10
1122196|12906|51|1|8
491053|12906|52|4|9
3099876|12906|53|1|11
2021350|12906|54|1|10
124474|12906|55|5|9
1697299|12906|56|1|9
850182|12906|57|1|12
1217413|24670|1|5|16
528280|24670|2|0|13
359631|24670|3|0|15
1187704|24670|4|0|15
1342920|24670|5|5|14
2130023|24670|6|6|9
2764552|24670|7|2|11
2192861|24670|8|1|20
2045616|24670|9|4|10
3286092|24670|10|0|14
2650285|24670|11|6|13
3038744|24670|12|6|18
2409365|24670|13|4|18
2638767|24670|14|3|18
2210396|24670|15|6|13
2592783|24670|16|6|10
1130026|24670|17|5|17
2029446|24670|18|4|19
1353735|24670|19|4|21
851086|25442|1|2|19
2600437|25442|2|0|10
1719772|25442|3|0|9
257682|25442|4|1|5
1967127|25442|5|6|16
1541194|25442|6|0|8
2614403|25490|1|3|12
1346099|25490|2|1|12
1292790|25490|3|3|11
1114640|25490|4|5|12
473852|25490|5|3|11
3077873|25490|6|3|12
3304130|25490|7|5|9
1423539|26277|1|3|18
1941206|26277|2|2|6
2593062|26277|3|3|8
1291547|26277|4|0|15
3239126|26277|5|1|21
2637265|26277|6|4|8
1560207|26277|7|1|20
184142|26277|8|1|18
1596756|26277|9|3|13
2062402|26277|10|2|18
2035636|26277|11|3|18
2275553|26277|12|0|9
2940969|26277|13|4|8
3385822|26277|14|3|9
490639|26277|15|2|11
3417399|26277|16|1|21
39610|26277|17|2|15
1168691|26277|18|4|23
2046556|26277|19|4|16
1637418|26277|20|0|16
1217496|26277|21|2|14
1200143|26277|22|4|7
2261894|26277|23|0|22
1776796|26277|24|5|14
1649689|26277|25|0|1
1187884|26277|26|2|18
2914444|26277|27|3|17
1549843|26277|28|4|7
947552|26277|29|3|12
2704617|26277|30|4|16
2999808|26277|31|2|18
3265180|26277|32|4|17
617727|26277|33|3|10
354340|26277|34|2|23
272846|26277|35|4|15
56697|26277|36|6|18
895252|26277|37|3|17
2086236|26277|38|5|16
851872|26277|39|1|18
1487068|26277|40|4|12
2861786|26277|41|4|8
8576|26277|42|1|18
2692288|26277|43|5|8
1794217|26277|44|6|21
1386890|32976|1|0|14
2490642|32976|2|0|14
1014117|32976|3|0|13
881837|32976|4|0|13
3254878|32976|5|4|22
649740|32976|6|0|13
3303415|32976|7|0|7
1009862|32976|8|0|16
3401114|37120|1|3|15
1802983|37120|2|3|16
1518913|37120|3|3|10
3191239|37120|4|2|17
3019692|37120|5|5|16
2896187|37120|6|4|17
1390566|37120|7|3|18
1868991|37120|8|4|17
54049|37120|9|2|17
343913|37120|10|1|14
921526|37120|11|5|14
1880799|37120|12|1|14
1845165|37120|13|3|16
2043606|37120|14|4|15
1189378|37120|15|6|14
2223719|37120|16|2|17
68622|37120|17|1|15
2527593|37120|18|4|17
3302366|37120|19|6|13
847636|37120|20|6|18
2553328|37120|21|2|17
47668|37120|22|4|12
1523069|37120|23|4|17
2633035|37120|24|3|17
899254|37120|25|4|16
3378059|40286|1|0|17
545397|40286|2|1|20
2768090|40286|3|0|18
209|40286|4|0|17
2478134|40286|5|1|10
3265176|40286|6|2|11
2087379|40286|7|0|18
1704665|40286|8|4|16
387579|40286|9|2|10
75794|40286|10|1|9
476621|40286|11|4|9
1179667|40286|12|6|7
1131330|40286|13|6|7
567050|40286|14|2|10
1651252|40286|15|5|14
690761|40286|16|0|12
603665|40286|17|1|13
1080482|40286|18|0|9
2145907|40286|19|2|11
902962|42145|1|3|9
750488|42145|2|3|18
3337311|42145|3|6|18
47278|42145|4|6|14
516006|42145|5|0|12
837653|42145|6|0|13
1448645|42145|7|0|12
128342|42145|8|1|19
845204|42145|9|1|22
3161302|42145|10|1|18
364117|42145|11|4|18
522468|42145|12|6|17
2198579|42145|13|0|19
2139739|42145|14|5|13
396813|42145|15|1|17
598952|42145|16|2|19
1356851|42145|17|2|18
2029906|42145|18|1|19
1064769|42145|19|0|14
266907|42145|20|4|14
3157181|42145|21|6|19
1836951|42145|22|0|13
2301693|42145|23|1|18
506583|42145|24|2|20
2119650|42145|25|0|13
2547351|42145|26|2|17
3118749|42145|27|2|16
1020793|42145|28|2|14
632294|42145|29|1|20
2076178|42145|30|2|20
285814|42145|31|4|17
346111|42145|32|3|22
1002442|42145|33|6|18
1391287|42145|34|2|14
2682134|42145|35|3|18
1078592|42145|36|5|10
835678|42145|37|3|18
1436778|43902|1|0|14
1220359|43902|2|3|19
728219|43902|3|2|18
1050333|43902|4|6|18
2647772|43902|5|6|16
245502|43902|6|3|16
2923980|45067|1|2|17
1199867|45067|2|5|15
1041250|45067|3|2|17
885904|45067|4|6|21
857713|45067|5|2|14
1446800|45067|6|0|11
2308729|45067|7|3|13
1202011|45067|8|1|13
178032|47838|1|1|11
1863336|47838|2|3|7
2701567|47838|3|3|11
2463335|47838|4|5|13
246826|47838|5|1|13
3333668|47838|6|2|7
929597|47838|7|4|9
2038061|47838|8|1|13
1815862|47838|9|5|13
3302136|47838|10|0|8
2466159|47838|11|4|14
861581|47838|12|5|8
2528041|47838|13|4|14
151484|47838|14|1|10
233914|49441|1|0|8
1788266|49441|2|6|13
1955052|49441|3|5|20
1705966|49441|4|6|12
1547692|49441|5|6|10
631386|49441|6|6|8
355234|49441|7|5|23
1929322|49441|8|5|20
1970805|49441|9|0|0
3159658|49441|10|6|16
178825|49441|11|6|13
413831|49441|12|0|9
238579|49441|13|6|10
187834|49441|14|1|8
2278260|49441|15|4|17
1860382|49441|16|6|12
826902|49441|17|6|13
1021396|49441|18|6|9
1447049|49441|19|6|16
3265095|49441|20|0|11
335465|49441|21|4|11
1396447|49441|22|5|11
768284|49441|23|6|12
3102882|49441|24|5|15
1184723|49441|25|0|10
2155378|49441|26|6|16
974642|49441|27|0|13
89392|50241|1|2|10
1869307|50241|2|2|11
1332987|50241|3|1|8
862236|50241|4|5|21
851363|50241|5|6|14
2001623|50241|6|1|19
1532113|50241|7|3|10
2323754|50241|8|4|9
2172188|50241|9|1|19
1027474|50241|10|4|10
3272722|50241|11|4|11
835812|50241|12|4|10
1664948|50241|13|4|12
1183748|50241|14|2|12
1743574|50241|15|0|13
2814186|50241|16|1|19
3180131|50241|17|5|19
647492|50241|18|2|10
172525|50241|19|6|19
2912214|51076|1|0|11
50425|51076|2|0|9
2774345|51076|3|0|12
2137073|51076|4|6|15
287759|51076|5|6|15
393773|52784|1|1|15
3078554|52784|2|0|13
3352332|52784|3|6|17
2074661|52784|4|6|12
578367|52784|5|6|16
1654991|53304|1|5|17
2229393|53304|2|4|10
1829770|53304|3|3|11
1691713|53304|4|5|14
3274274|53304|5|1|10
871770|53304|6|4|16
962194|53304|7|1|8
523527|53304|8|1|0
137673|53304|9|2|11
694395|53304|10|1|12
2114466|53304|11|6|13
2799528|53304|12|5|13
3261043|53304|13|1|13
1926136|53304|14|3|10
1774690|53968|1|2|18
1802920|53968|2|0|16
2813960|53968|3|3|19
1219788|53968|4|2|10
2315670|53968|5|1|10
3027840|53968|6|1|10
1533772|53968|7|1|10
1720216|53968|8|4|10
88578|53968|9|4|12
213172|55720|1|5|4
2178451|55720|2|4|14
567649|55720|3|4|5
2368470|55720|4|3|18
416476|55720|5|4|4
1385601|55720|6|5|4
1046185|55720|7|2|15
2003443|55720|8|3|14
1445791|55720|9|4|16
1630885|55720|10|2|9
328656|56266|1|0|9
1338834|56266|2|3|16
869088|56266|3|3|13
2340752|56266|4|5|16
612979|56266|5|1|17
1891371|56266|6|0|12
2094993|56266|7|0|10
1618679|56266|8|5|14
157577|56266|9|0|12
1842841|56266|10|0|9
922732|56266|11|0|8
2476123|56266|12|4|7
1909275|56266|13|1|10
1107174|56266|14|0|12
74058|58959|1|5|16
2947607|58959|2|1|8
942146|58959|3|4|10
266655|58959|4|1|14
710514|58959|5|2|14
654258|59889|1|1|11
2243478|59889|2|1|12
1102879|59889|3|4|11
2463446|59889|4|2|15
3320768|59889|5|3|16
1490190|59889|6|1|13
1410216|59889|7|1|11
3382057|59889|8|1|12
2265372|59889|9|4|10
2476589|59889|10|1|12
2581585|59889|11|1|11
1574629|59889|12|1|12
2856562|59889|13|1|10
1555036|59889|14|3|14
1560477|59889|15|1|11
2807635|59889|16|1|18
1641280|59889|17|4|11
42431|59889|18|2|7
1711398|59889|19|3|8
763715|59889|20|4|13
1542867|59889|21|2|12
471558|59889|22|1|11
2044106|59889|23|2|13
2874905|61065|1|3|10
3104999|61065|2|1|11
1899049|61065|3|6|10
2330028|61065|4|3|11
499880|61065|5|1|11
1461045|61065|6|2|11
172787|61065|7|1|11
2601813|61065|8|1|11
420874|61065|9|2|10
2800036|61065|10|1|12
3123388|61065|11|1|12
1886602|61065|12|4|12
2449247|61065|13|3|11
2166346|61065|14|2|12
2598852|61065|15|4|10
1510420|61065|16|2|9
971693|61065|17|3|10
239770|61065|18|1|9
619873|61065|19|1|10
1247504|61065|20|2|10
749198|61065|21|4|9
907223|61065|22|2|10
1994077|61065|23|2|10
1223583|61065|24|1|10
2574068|61065|25|1|8
3361230|61065|26|1|10
62921|61065|27|1|9
2511866|63138|1|2|10
1565205|63138|2|5|15
3070605|63138|3|5|15
2610916|63138|4|4|11
295794|63138|5|4|11
621384|63138|6|3|12
1426718|63138|7|2|15
1452120|63138|8|4|15
854186|63138|9|4|15
3053571|63138|10|4|15
1449843|63138|11|4|15
3337251|63138|12|1|9
1258282|63472|1|1|14
949429|63472|2|2|11
1355198|63472|3|1|15
2349205|63472|4|4|14
3400789|63472|5|0|11
995704|63472|6|2|11
3385633|63472|7|5|9
230914|63472|8|1|20
2605766|63472|9|1|17
352410|63472|10|6|12
715456|63472|11|1|14
1681662|63472|12|3|15
2852556|63472|13|6|10
3169955|66265|1|1|11
3295250|66265|2|0|18
414941|66265|3|1|20
574070|66265|4|3|10
701611|66265|5|1|14
1569104|66265|6|2|0
1520203|66265|7|5|9
2266069|66265|8|4|8
852523|66265|9|3|11
1058011|66265|10|1|15
1306403|66265|11|3|9
618865|66265|12|1|7
2617201|66265|13|1|12
3204878|66265|14|3|9
2435771|66265|15|2|14
2640743|66265|16|3|8
3407333|67941|1|4|8
277696|67941|2|4|21
2415415|67941|3|3|20
1268372|67941|4|4|6
137332|67941|5|2|21
2379327|67941|6|3|7
2122780|67941|7|3|20
558845|67941|8|3|22
309813|67941|9|2|20
988913|67941|10|0|22
276880|67941|11|3|14
2866305|67941|12|0|20
1883767|67941|13|2|12
531993|67941|14|1|22
2518321|67941|15|1|6
1643602|67941|16|5|7
2946757|67941|17|3|14
614331|67941|18|4|21
2973538|67941|19|4|22
3302789|67941|20|3|15
1162534|67941|21|5|4
770867|67941|22|4|9
2880278|67941|23|4|20
2718232|67941|24|2|21
1435055|67941|25|4|18
1736962|67941|26|0|22
3044119|67941|27|2|7
294496|67941|28|3|8
1461931|67941|29|5|11
3415953|67941|30|5|15
720635|67941|31|3|17
2956053|67941|32|5|8
1197560|67941|33|4|10
2956726|67941|34|3|10
963305|67941|35|0|13
2849246|67941|36|5|13
633361|67941|37|5|6
1528567|69178|1|5|13
1807592|69178|2|6|5
350677|69178|3|5|18
493883|69178|4|2|9
1695428|69178|5|5|16
347641|69178|6|2|12
885466|69178|7|0|20
3032659|69178|8|5|14
908608|72791|1|6|1
2690418|72791|2|6|14
2276048|72791|3|6|13
2074724|72791|4|0|16
1759315|72791|5|0|14
1329269|73171|1|1|15
3263170|73171|2|3|8
1662948|73171|3|2|14
2472291|73171|4|4|8
362207|73171|5|1|8
674489|73171|6|1|13
1749486|73171|7|2|12
1334870|73171|8|1|15
219690|73171|9|5|15
727589|73171|10|2|14
2261112|73171|11|5|15
261473|73171|12|1|8
3162863|73171|13|1|0
1949451|73171|14|5|8
485559|73171|15|2|11
790987|73171|16|6|11
890962|73171|17|4|10
1471786|73171|18|1|12
2664501|73171|19|6|13
587297|73171|20|4|16
3014314|73171|21|5|16
676572|73171|22|2|11
11894|73171|23|4|10
906766|73171|24|1|14
2142654|73171|25|1|12
560273|73171|26|3|15
2364257|73171|27|3|16
2785870|73171|28|1|11
1972646|73477|1|1|9
735990|73477|2|3|16
2844004|73477|3|1|12
808333|73477|4|1|10
25865|73477|5|1|8
1791258|73477|6|1|12
812309|73477|7|2|9
2428528|73477|8|1|9
500635|73477|9|2|12
2371722|73477|10|2|15
405149|73477|11|1|10
3192050|73477|12|1|8
3187012|73477|13|3|13
5020|73477|14|3|15
591502|73477|15|1|9
1012880|73477|16|1|9
920360|73477|17|3|7
1361396|73477|18|1|10
857709|73477|19|1|9
2112478|73477|20|1|10
2184896|73477|21|1|16
673937|73477|22|2|15
359540|73477|23|3|15
2869994|73477|24|3|9
2798729|73477|25|3|10
1186596|73477|26|3|23
2153108|73477|27|1|9
1170875|73477|28|4|15
1173621|73477|29|3|15
3127408|73477|30|1|9
691017|73477|31|1|9
1354257|73477|32|3|15
1491036|73477|33|1|12
317444|73477|34|3|13
3289041|73477|35|3|14
49932|73477|36|3|16
2167995|73477|37|4|9
402652|73477|38|3|12
552713|73477|39|3|12
2836175|73477|40|1|9
722036|73477|41|1|9
978437|73477|42|2|11
2198465|73477|43|3|10
1579946|73477|44|1|8
684341|73477|45|3|9
2108858|73477|46|3|9
2225161|73477|47|1|8
2016785|73477|48|3|8
1371326|73477|49|2|9
990188|73477|50|2|9
1614988|73477|51|1|9
407436|73477|52|3|14
1064765|73477|53|1|12
2329503|73477|54|3|12
961514|73477|55|3|10
568279|73477|56|1|7
1932089|73477|57|1|9
2616582|73477|58|3|9
783026|73477|59|1|9
830605|73477|60|3|11
2924830|73477|61|1|9
2176493|73477|62|1|9
802240|73477|63|3|14
2785640|73477|64|1|9
2086797|73477|65|5|9
2591609|73477|66|1|8
112509|73477|67|2|15
1921735|73477|68|1|14
864778|73477|69|1|11
3400134|73477|70|1|11
422982|75993|1|5|16
589611|75993|2|1|17
2289979|75993|3|6|19
3138776|75993|4|5|12
2506805|75993|5|6|11
374671|75993|6|2|17
1630959|75993|7|4|12
2550853|75993|8|1|14
1901872|75993|9|3|14
397080|75993|10|5|17
620682|75993|11|3|11
193878|75993|12|0|12
1060312|75993|13|6|10
477903|75993|14|4|18
1055540|75993|15|3|12
2377695|75993|16|4|14
612960|75993|17|4|19
1763981|75993|18|3|15
2016915|75993|19|0|14
1329522|85028|1|1|10
429091|85028|2|2|10
1993481|85028|3|1|9
1709717|85028|4|1|21
3021971|85028|5|1|11
2094356|85028|6|1|9
2509853|85028|7|4|12
549801|85028|8|3|14
1097698|85028|9|5|16
1226509|85028|10|2|11
2095701|85028|11|1|9
2528508|85028|12|1|11
467227|85028|13|1|12
1453245|85028|14|3|15
2146266|85028|15|3|9
840188|85028|16|4|12
752196|85028|17|0|11
1160384|85028|18|1|12
2916141|85028|19|1|9
824862|85028|20|1|21
1908727|85028|21|1|13
2013255|85028|22|1|11
885786|85028|23|1|8
22913|85028|24|4|10
3269423|85028|25|5|13
2532254|85028|26|2|11
2511035|85028|27|1|11
377830|85028|28|1|10
2128607|85028|29|2|11
2998289|85028|30|0|18
3289999|85028|31|2|8
551940|85028|32|1|9
1437|85028|33|1|12
1548397|85238|1|5|12
2570602|85238|2|3|14
2258904|85238|3|2|13
1932173|85238|4|4|13
2329834|85238|5|6|14
1666462|85238|6|0|12
2954589|85238|7|4|19
2841579|85238|8|0|14
1468772|85238|9|6|14
926111|87350|1|2|9
946954|87350|2|1|10
2920117|87350|3|1|11
2252277|87350|4|1|12
2692848|87350|5|4|10
322931|87350|6|1|10
3236637|87350|7|2|16
2844177|87350|8|3|10
1278553|87350|9|0|21
1158311|87350|10|3|10
3176380|87350|11|2|10
945255|87350|12|2|14
1320807|87350|13|1|10
2622617|87350|14|2|10
1073540|87350|15|1|11
2711803|87350|16|6|10
1118162|87350|17|1|17
1082148|87350|18|2|9
1927745|87350|19|5|11
1526643|87350|20|1|10
2113175|87350|21|2|21
2401353|87350|22|1|9
1779408|87350|23|1|10
2461738|87350|24|1|9
863610|87350|25|4|7
2442664|87350|26|5|11
2212608|87350|27|1|9
450369|87350|28|4|11
1271711|87350|29|2|10
2339827|87350|30|5|9
679024|87350|31|6|21
3417547|87350|32|3|22
2395244|87350|33|5|15
1482446|87350|34|0|15
2828704|87350|35|1|10
341989|87350|36|3|10
1818277|87350|37|0|8
919489|87350|38|1|10
1908895|87350|39|2|10
2947164|87350|40|1|10
1449536|87350|41|3|8
1128507|87350|42|2|10
1367476|87350|43|3|10
785935|87350|44|2|11
1716331|87350|45|2|19
2387105|87350|46|0|20
1981268|87350|47|4|16
302975|87350|48|1|12
2423610|87350|49|4|9
567391|87350|50|1|10
883518|87350|51|0|9
188663|87350|52|2|9
486130|87350|53|1|10
2756428|87350|54|1|10
1511062|87350|55|1|11
1485688|89776|1|1|13
3392762|89776|2|6|14
1037119|89776|3|6|11
2088669|89776|4|2|21
534043|89776|5|5|15
385791|89776|6|0|10
1462168|89776|7|1|20
2693482|89776|8|3|14
1384590|93241|1|2|16
1723934|93241|2|4|14
699028|93241|3|4|14
1564064|93241|4|2|18
3408084|93241|5|5|14
1265372|95686|1|2|13
703286|95686|2|4|10
1891207|95686|3|4|14
2405327|95686|4|5|15
3350826|95686|5|3|10
1272917|95686|6|2|8
532933|95686|7|4|9
713242|95686|8|4|15
1776821|95686|9|3|11
3185242|95686|10|3|13
386839|95686|11|4|8
1631947|95686|12|4|13
464537|95686|13|2|13
1146139|95686|14|4|14
2673563|95686|15|4|10
2377357|95686|16|2|10
1702160|96466|1|3|8
1243580|96466|2|2|23
3104194|96466|3|6|10
2943981|96466|4|1|18
3096854|96466|5|5|20
1967510|96466|6|3|11
2402360|96466|7|3|11
1445716|96466|8|3|16
991221|96466|9|6|15
1008121|96466|10|6|15
2785053|96466|11|3|15
2338427|96466|12|6|14
522363|96466|13|3|13
863954|96466|14|0|9
732650|96466|15|0|18
723091|96466|16|6|18
3356811|98570|1|2|13
2569595|98570|2|1|11
3075862|98570|3|1|15
288065|98570|4|2|9
628456|98570|5|2|11
2341155|98570|6|5|16
2035811|98570|7|2|10
1818663|98570|8|4|9
488452|98570|9|5|14
3374360|98570|10|4|14
1351364|98570|11|4|16
3400032|98570|12|5|15
449073|98570|13|3|11
2838461|98570|14|3|17
2707312|98570|15|3|13
3143041|98570|16|2|10
1149500|98570|17|1|9
2589441|98570|18|1|10
2860582|98570|19|1|9
1893068|98570|20|3|11
1874406|98570|21|1|9
2660791|98570|22|1|10
407612|98570|23|2|12
444701|98570|24|2|9
711802|98570|25|2|16
134613|99282|1|6|18
1825409|99282|2|0|18
703763|99282|3|1|9
1271455|99282|4|6|21
1453107|99282|5|6|22
1754232|99282|6|0|11
1690779|99282|7|6|15
2738480|99282|8|6|17
2698637|99282|9|4|20
3040889|99282|10|6|20
2721939|99282|11|3|18
1767086|99282|12|0|17
177731|99282|13|0|21
2477342|99282|14|6|20
3380491|99282|15|1|18
2133185|99282|16|1|22
597855|99282|17|0|23
3351313|99282|18|3|23
490985|99282|19|2|19
1517772|99282|20|6|20
392695|99282|21|0|7
1166452|99282|22|0|17
33747|99282|23|4|18
2017869|99282|24|3|18
2229845|99282|25|0|15
971206|99282|26|2|16
21727|99282|27|4|18
362250|99282|28|0|20
3370635|100253|1|6|22
2316270|100253|2|6|20
1253528|100253|3|6|17
2629753|100253|4|6|22
52933|100253|5|1|13
2778349|100253|6|4|13
468668|100253|7|0|10
148946|100253|8|2|11
2383092|100253|9|6|22
2253693|100253|10|6|20
2845342|100253|11|6|20
2933792|100253|12|6|11
710073|100253|13|5|21
1351630|100253|14|0|16
787350|100253|15|6|21
3245047|100253|16|0|22
2445957|100253|17|0|23
428006|100253|18|2|10
2587261|100253|19|0|16
402430|100253|20|6|19
1778105|100253|21|6|19
1751418|100253|22|6|15
2136197|100253|23|5|21
3303196|100253|24|5|15
165248|100253|25|5|14
2536741|100253|26|4|12
3283357|100253|27|3|17
506543|100253|28|6|12
2027150|100253|29|0|10
245375|100253|30|6|16
190993|100253|31|0|21
1322142|100253|32|1|11
1178456|100253|33|0|22
720357|100253|34|0|22
1350367|100253|35|0|18
2991682|100253|36|0|23
1683521|100253|37|3|18
1615418|100253|38|1|1
1934402|100253|39|5|22
3135515|100253|40|1|2
2202883|100253|41|6|0
21835|100253|42|6|21
1818451|100253|43|1|1
852537|100253|44|2|2
413182|100253|45|2|0
2175816|100253|46|1|23
122593|100253|47|0|21
2079386|100253|48|2|22
561883|100253|49|0|15
1918015|100253|50|4|21
217404|100253|51|1|2
624587|100253|52|4|21
1687952|100253|53|0|1
1347431|102099|1|3|16
499637|102099|2|6|9
1319885|102099|3|1|17
2963625|102099|4|4|12
1880110|102099|5|1|17
2375044|102099|6|4|19
419878|102099|7|6|9
3419750|102099|8|1|17
2416508|102099|9|2|12
2394158|102099|10|0|16
1554983|102099|11|0|11
2855944|102099|12|6|12
1654209|102099|13|2|8
2629068|102099|14|0|15
440526|104175|1|2|16
3392199|104175|2|3|17
731725|104175|3|2|16
1576556|104175|4|6|20
2296205|104175|5|3|14
593792|107051|1|3|15
1544691|107051|2|4|15
3316719|107051|3|5|10
2293753|107051|4|4|15
475407|107051|5|1|13
1006916|107051|6|1|13
1469168|107931|1|1|12
3084082|107931|2|1|14
294370|107931|3|1|11
3195585|107931|4|0|14
171852|107931|5|1|11
169426|107931|6|6|12
682010|107931|7|5|10
3298222|107931|8|1|12
1121299|107931|9|2|13
119566|107931|10|3|10
2280534|107931|11|1|9
2386941|107931|12|1|9
2417232|107931|13|5|9
2470490|107931|14|4|10
1612722|107931|15|1|9
2950678|107931|16|1|8
46305|107931|17|6|11
2414157|107931|18|0|9
1866135|107931|19|4|12
1246229|107931|20|6|10
1048683|107931|21|5|8
2072846|107931|22|5|4
1166100|111387|1|1|9
734146|111387|2|5|8
1144835|111387|3|1|8
964164|111387|4|1|8
1950124|111387|5|1|9
2758801|111387|6|1|10
1636871|111387|7|4|9
1647620|111387|8|1|9
1824859|111387|9|1|8
2805184|111387|10|2|10
1004424|111387|11|1|8
3043597|111387|12|1|10
355308|111387|13|1|11
908825|111387|14|2|11
973538|111387|15|2|10
2397645|111387|16|3|10
2084885|111387|17|3|10
460083|114336|1|2|13
2223105|114336|2|1|14
300274|114336|3|5|12
3110487|114336|4|6|15
1823722|114336|5|1|12
2842100|114336|6|3|13
422074|114336|7|1|15
2599636|114336|8|1|12
467187|114336|9|6|12
604522|114336|10|1|11
2714602|114336|11|0|16
39749|114336|12|1|16
1707584|114336|13|1|18
1773972|114336|14|1|15
2741512|114764|1|6|18
2180645|114764|2|1|17
2220599|114764|3|6|16
2787450|114764|4|0|12
926284|114764|5|5|16
2522583|114764|6|0|17
1360552|114764|7|2|13
381911|114764|8|0|13
20941|114764|9|5|15
2533872|114764|10|0|14
1942350|114764|11|2|23
1052267|114764|12|0|10
2566962|114764|13|6|16
2572151|114764|14|6|15
2794383|114764|15|5|17
1186086|114764|16|0|22
1210907|118102|1|6|17
3161453|118102|2|1|15
590134|118102|3|0|20
1235327|118102|4|2|9
751238|118102|5|5|20
1367989|118102|6|2|16
2053790|118981|1|1|19
707122|118981|2|5|6
2680537|118981|3|6|16
3008731|118981|4|6|13
3360309|118981|5|0|10
180936|118981|6|2|13
1719793|118981|7|0|8
2721763|120138|1|1|10
2568109|120138|2|3|11
2477133|120138|3|2|14
786451|120138|4|0|14
1784564|120138|5|1|10
1941113|120138|6|3|9
3231626|120660|1|4|9
1892031|120660|2|1|9
289833|120660|3|1|13
2056972|120660|4|2|18
3137327|120660|5|1|7
1393316|120660|6|0|18
3207531|120660|7|1|16
1481740|120660|8|4|12
2028138|120660|9|6|18
2578786|120660|10|0|14
3326120|125120|1|2|11
2295730|125120|2|4|11
1393930|125120|3|4|14
444056|125120|4|1|16
3050435|125120|5|1|13
952734|125120|6|5|14
1563567|125120|7|5|10
652007|125120|8|4|14
707605|125120|9|4|14
2385439|125120|10|3|16
2644706|125120|11|4|19
380240|125120|12|5|12
2390067|125120|13|2|16
506639|125120|14|2|16
2325657|125120|15|4|12
2407488|129124|1|1|13
3289776|129124|2|6|16
1634428|129124|3|4|21
2476817|129124|4|4|19
2359501|129124|5|3|17
2748051|129124|6|3|18
1349862|129124|7|3|19
449869|129124|8|5|18
1567008|129124|9|0|18
2083802|129124|10|6|19
2358550|129124|11|3|15
2938880|129124|12|3|18
1042413|129124|13|4|17
2834038|129124|14|1|18
351184|129124|15|0|15
2307313|129124|16|5|12
800605|129124|17|2|18
1162882|129124|18|4|15
2949465|129124|19|6|17
3047631|129124|20|5|20
2981475|129124|21|1|16
3059447|131280|1|3|22
155656|131280|2|2|19
1859385|131280|3|1|13
1176948|131280|4|1|22
295149|131280|5|2|13
975649|131280|6|4|15
2797742|132038|1|4|0
314273|132038|2|3|1
2734968|132038|3|4|10
3191294|132038|4|6|12
1105934|132038|5|6|14
2199168|132038|6|3|21
1782054|132038|7|2|1
3357665|132038|8|3|21
1041121|132038|9|3|23
860452|132551|1|1|12
2181570|132551|2|0|18
80362|132551|3|2|0
163743|132551|4|1|15
845308|132551|5|6|19
2063238|132551|6|3|15
1413488|132551|7|1|19
2693006|132551|8|6|15
3260155|132551|9|3|16
2563296|132551|10|4|14
565890|132551|11|0|9
1720561|132551|12|6|16
1668965|132551|13|1|21
2089434|132551|14|0|15
2597127|132551|15|0|16
1453990|133738|1|5|13
161614|133738|2|4|16
1723873|133738|3|2|9
2488205|133738|4|4|12
3094193|133738|5|3|11
2061356|133738|6|1|8
828367|133738|7|5|15
1752434|133964|1|2|15
573546|133964|2|2|14
251012|133964|3|2|16
1488688|133964|4|1|23
1265878|133964|5|1|23
994491|138067|1|6|22
1537776|138067|2|6|22
3396334|138067|3|3|7
1684745|138067|4|5|21
1694032|138067|5|2|7
1162793|138067|6|0|19
1028500|138067|7|0|22
1756961|138067|8|4|19
1585384|138067|9|1|7
738166|138067|10|5|19
3134557|138067|11|1|17
685792|138067|12|6|16
1919994|138067|13|1|9
39986|138067|14|2|7
2132340|138067|15|1|11
1816389|138067|16|0|13
2820128|138067|17|6|18
1828552|138067|18|2|22
2252171|138067|19|1|19
2717023|138067|20|6|19
886093|138067|21|3|16
1231498|138067|22|5|20
2873576|138067|23|0|15
1423826|138067|24|0|14
1737408|138067|25|0|13
608352|138067|26|3|19
3367024|138067|27|2|16
1724045|138067|28|6|11
1114280|138067|29|6|8
544985|138067|30|4|19
147988|138067|31|2|7
1687336|138067|32|1|17
2825594|138067|33|2|9
807335|138203|1|0|18
2174711|138203|2|4|15
462949|138203|3|5|16
3417531|138203|4|5|17
197079|138203|5|5|18
2002189|138203|6|4|18
1824389|138203|7|0|10
3352881|138203|8|5|19
112021|138203|9|0|16
1117301|138203|10|2|17
1897508|138203|11|3|17
134948|138203|12|6|17
3324933|138203|13|2|9
2222381|138203|14|0|8
1060212|138203|15|1|19
2122114|138203|16|3|18
2314285|138203|17|4|18
188910|138203|18|0|13
1673240|138203|19|3|14
870355|138203|20|0|15
1731504|138203|21|4|19
2157980|138203|22|2|17
3317830|138203|23|3|18
721547|138203|24|3|17
1376603|138203|25|1|19
593914|138203|26|2|18
95199|138203|27|5|16
3285248|138203|28|1|17
3122537|138203|29|5|9
991069|138203|30|1|16
3189499|138203|31|1|15
3307326|138203|32|4|18
2402986|138203|33|4|18
2831855|138203|34|2|13
1548555|138203|35|2|17
2182211|138203|36|1|18
1849665|138203|37|0|12
2444696|138203|38|3|16
1049537|138203|39|6|15
953012|138203|40|4|6
1629608|138203|41|1|14
1652536|138203|42|5|19
2606486|138203|43|2|19
2594113|138203|44|0|19
567076|138203|45|4|7
2181224|138203|46|4|15
2285068|138203|47|1|13
254499|138203|48|3|15
783293|138203|49|0|14
898832|138203|50|4|16
2740283|138203|51|0|13
2716397|138203|52|2|16
1221921|138203|53|3|18
3001666|138203|54|5|15
3380210|138203|55|2|18
1261317|138203|56|5|14
991737|138203|57|5|19
2192103|138203|58|6|15
1313027|138203|59|2|17
2820835|138203|60|4|18
3205578|138203|61|0|13
1194749|138203|62|3|15
610879|138203|63|0|6
1141617|138203|64|5|18
3257998|138203|65|2|14
2658914|138203|66|5|15
3408843|138203|67|0|17
1819492|138203|68|1|16
505620|138203|69|6|17
1235183|138203|70|3|14
510088|138203|71|0|17
971288|138203|72|1|17
2845786|138203|73|5|13
2991976|138203|74|0|8
2035097|138203|75|4|14
1111766|138203|76|0|14
2149978|138203|77|2|15
241372|138203|78|3|10
3190804|138203|79|3|14
238905|138203|80|1|18
2091457|138203|81|5|18
1255455|138203|82|0|15
2211024|138203|83|1|19
3047838|138203|84|4|17
318964|139656|1|0|18
1690335|139656|2|1|9
1482562|139656|3|3|8
3335100|139656|4|1|17
2372481|139656|5|6|17
2195574|139656|6|2|9
1506691|139656|7|2|7
983617|141719|1|0|19
521615|141719|2|0|19
972834|141719|3|0|12
2329534|141719|4|2|8
2920397|141719|5|1|7
1056355|141719|6|4|11
1109798|141719|7|0|22
2547221|141719|8|1|12
3394205|141719|9|0|21
1324352|141719|10|0|20
2812607|141719|11|1|14
961845|141719|12|4|7
2438181|141719|13|3|10
1771967|141719|14|1|17
2428938|141719|15|0|17
2210502|141719|16|2|8
3196235|141719|17|5|7
2140672|141719|18|2|14
1326364|141719|19|1|7
219056|141719|20|4|14
2758402|141719|21|3|9
2269497|141719|22|4|11
1994684|141719|23|5|14
1507632|147179|1|6|11
2100562|147179|2|1|9
2400414|147179|3|1|11
3287198|147179|4|3|18
523487|147179|5|0|16
273201|147179|6|6|12
201063|147179|7|1|17
3103315|147179|8|0|16
3202228|147179|9|3|14
2894164|151119|1|6|14
1316511|151119|2|6|11
909296|151119|3|6|11
134924|151119|4|0|12
883540|151119|5|6|12
13044|151119|6|0|12
2222105|151119|7|6|13
1641097|151410|1|4|9
597735|151410|2|1|10
274670|151410|3|1|10
3232926|151410|4|2|12
946179|151410|5|1|13
3166929|151410|6|1|9
654165|151410|7|2|11
279047|151410|8|2|8
615021|151410|9|5|11
2450616|151410|10|3|16
56010|151410|11|4|16
1503658|151564|1|1|9
216821|151564|2|2|7
1048513|151564|3|3|15
2906104|151564|4|1|11
1509596|151564|5|4|10
1084509|151564|6|3|21
1583277|151564|7|1|12
3149124|151564|8|3|17
2156372|151564|9|4|14
91898|151564|10|6|8
217590|151564|11|1|8
584898|151564|12|1|7
1521665|151564|13|4|11
1258948|151564|14|4|11
79758|154852|1|1|11
2376662|154852|2|2|15
2208860|154852|3|1|10
1038425|154852|4|4|16
2372284|154852|5|1|9
1297324|154852|6|1|10
2873467|156537|1|4|17
2283480|156537|2|5|7
767092|156537|3|6|21
1804966|156537|4|4|12
1422104|156537|5|6|17
1710709|156537|6|1|6
3101000|157497|1|5|17
2718153|157497|2|6|5
2070233|157497|3|3|14
2181036|157497|4|0|18
740572|157497|5|3|10
2899666|157798|1|6|10
3129812|157798|2|4|6
3290809|157798|3|0|9
673267|157798|4|5|10
2547326|157798|5|3|12
2233640|157798|6|6|14
2355345|157798|7|3|11
1877605|157798|8|0|9
3142109|157798|9|3|9
906683|157798|10|2|8
904269|157798|11|6|12
1842892|157798|12|4|17
1309064|157798|13|6|10
118380|157798|14|3|12
2433547|157798|15|2|10
910486|157798|16|6|13
432407|157798|17|6|9
2115092|157798|18|1|14
2968781|157798|19|1|13
2583114|157798|20|4|14
557020|157798|21|1|13
1626921|157798|22|5|16
1050196|157798|23|6|11
3039284|157798|24|0|12
2689200|157798|25|1|12
2853174|157798|26|1|17
1496748|157798|27|3|15
845950|157798|28|5|13
1877302|157798|29|1|7
1087003|157798|30|1|8
2361176|157798|31|6|12
1089810|157798|32|5|17
2620546|157798|33|6|8
1426795|157798|34|6|14
1795889|157798|35|0|12
2424075|157798|36|0|11
771618|157798|37|4|8
1606162|157798|38|3|15
1241945|157798|39|5|17
2361496|157798|40|2|13
2710707|157798|41|0|7
1122072|157798|42|5|16
2252103|157798|43|4|17
1768099|157798|44|3|17
3335961|157798|45|6|9
872395|157798|46|3|17
420113|157798|47|2|15
798957|157798|48|1|7
560725|157798|49|5|6
235991|157798|50|5|10
1393542|157798|51|2|7
1639917|158373|1|2|10
2413662|158373|2|1|12
785075|158373|3|0|11
414209|158373|4|0|11
351674|158373|5|1|13
3206924|159308|1|1|12
808624|159308|2|6|12
2507103|159308|3|6|17
535842|159308|4|0|9
2576547|159308|5|5|11
607384|159308|6|1|12
3002762|159308|7|6|12
2801712|161574|1|4|22
1021745|161574|2|4|10
1030989|161574|3|4|10
2087359|161574|4|3|10
2585964|161574|5|6|11
1926031|161574|6|0|9
302906|166707|1|6|13
1957929|166707|2|4|18
640200|166707|3|0|12
841276|166707|4|4|8
2958870|166707|5|1|10
1920268|166707|6|4|17
2477024|166707|7|0|15
353091|166707|8|5|20
3137053|166707|9|6|12
2111075|166707|10|2|8
397454|166707|11|5|11
567108|166707|12|4|19
1003840|166707|13|1|15
1818305|166707|14|3|13
1233116|166707|15|1|12
817440|166707|16|3|11
2164347|166707|17|6|12
49352|166707|18|2|10
220119|166707|19|2|10
1259247|166707|20|1|12
224975|166707|21|3|21
1477196|166707|22|0|8
3003509|166707|23|3|10
2313240|166707|24|1|8
3091877|166707|25|5|22
886233|169583|1|2|11
814415|169583|2|0|20
1745681|169583|3|1|18
2456559|169583|4|4|11
1972578|169583|5|4|8
3323525|169583|6|1|18
1972857|169583|7|3|10
1893489|169583|8|1|9
3023562|169583|9|5|14
2418319|169583|10|1|13
1926381|169583|11|4|14
913274|169583|12|1|15
1952910|169583|13|1|16
3166686|169583|14|0|18
1576740|169583|15|6|15
619222|169583|16|3|7
1786252|169583|17|5|8
2737570|169583|18|2|9
2857841|169583|19|0|8
1245196|169583|20|2|11
2144223|169583|21|3|8
2743056|169583|22|5|10
3374257|169583|23|4|11
766211|169583|24|1|19
516254|169583|25|4|16
1527514|169583|26|6|14
365980|169583|27|5|12
3417128|169583|28|1|13
3304955|169583|29|3|13
471921|169583|30|6|13
2339814|169583|31|3|11
1491986|169583|32|6|13
1486942|169583|33|3|10
2513438|169583|34|5|14
641757|169583|35|1|8
3332270|169583|36|4|7
2455721|169583|37|4|10
3193685|169583|38|0|13
40797|169583|39|3|10
1383704|169583|40|0|6
1391303|169583|41|3|8
1404713|169583|42|2|9
1627099|169583|43|3|14
631269|169583|44|0|17
709540|169583|45|5|15
51614|169583|46|3|18
3283307|169583|47|2|13
1137837|169583|48|0|9
298341|169583|49|2|18
786887|169583|50|6|13
304398|169583|51|1|13
2444477|169583|52|4|14
3011682|169583|53|4|7
2459013|169583|54|6|8
1999089|169583|55|2|7
1247713|177453|1|1|17
608113|177453|2|3|10
999803|177453|3|3|10
2625048|177453|4|2|16
3165286|177453|5|1|14
370727|177453|6|4|17
3360438|179429|1|4|18
2705412|179429|2|5|0
1014206|179429|3|6|14
566251|179429|4|5|16
1396034|179429|5|4|17
764550|180305|1|4|14
1431837|180305|2|2|15
2675946|180305|3|2|16
2184948|180305|4|1|14
263073|180305|5|3|15
2936327|180305|6|4|13
1449965|180305|7|1|14
2866836|180305|8|2|16
3246272|180305|9|4|14
3076724|180305|10|1|16
3365420|180305|11|1|15
2307470|180305|12|5|15
2707842|180305|13|1|16
236708|180305|14|1|15
42786|180305|15|1|15
2791822|180305|16|4|13
535388|180305|17|2|16
3182732|180305|18|2|16
2956797|180305|19|2|14
1164997|180305|20|2|14
214300|180305|21|4|16
1135011|180305|22|4|16
876807|180461|1|0|10
1555143|180461|2|1|9
2145983|180461|3|4|16
2366393|180461|4|0|21
712146|180461|5|3|10
3293953|180461|6|0|10
1564867|180461|7|1|9
35200|180461|8|3|10
3351178|180461|9|5|13
2497033|180461|10|0|7
2055606|180461|11|2|12
2301547|180461|12|3|12
2348187|180461|13|6|13
66326|180461|14|2|9
1046281|180461|15|5|16
3349421|180461|16|0|14
1299366|180461|17|1|13
1595525|180461|18|5|6
1646285|180461|19|5|1
2287785|180461|20|0|11
219614|180461|21|3|21
1573915|180461|22|5|18
3305844|180461|23|1|6
463959|180461|24|3|14
1833268|180461|25|0|14
269607|180461|26|1|12
1555178|180461|27|0|11
1215966|180461|28|4|12
3078817|180461|29|1|12
2967951|180461|30|0|8
1655806|180461|31|1|8
1409644|180461|32|2|11
1770086|180461|33|5|11
2237559|180461|34|0|13
2979085|180461|35|6|11
1857430|180461|36|0|11
2620360|180461|37|3|12
2311913|180461|38|1|8
679637|180461|39|3|14
1740966|180461|40|5|13
2120248|180461|41|0|11
320641|180461|42|2|12
268553|180461|43|4|6
3147132|180461|44|5|17
1508875|180461|45|0|18
16707|180461|46|2|9
942173|180461|47|5|10
1055202|180461|48|1|6
1273003|180461|49|6|14
2974414|180461|50|0|12
3079798|180461|51|5|13
1746646|180461|52|0|11
650560|180461|53|5|10
2747516|180461|54|6|11
1524112|180461|55|6|10
1700470|180461|56|6|11
2988818|180461|57|5|11
3255380|180461|58|6|9
2644713|180461|59|1|14
1992711|180461|60|4|10
1361354|180461|61|0|11
2089471|180461|62|0|14
1300369|180461|63|3|10
3155123|180461|64|4|12
1542094|180461|65|0|13
1171050|180461|66|0|13
1501855|180461|67|4|11
3371248|180461|68|1|12
321279|182863|1|6|14
2342310|182863|2|0|15
2259236|182863|3|2|13
1337534|182863|4|4|1
1393233|182863|5|5|19
2108163|182863|6|0|14
2888094|182863|7|0|1
3367707|185153|1|6|15
1704771|185153|2|6|12
1218013|185153|3|6|13
1803349|185153|4|4|21
3280394|185153|5|6|13
456558|185153|6|6|10
2727386|185153|7|0|16
25528|185153|8|1|14
2777347|187019|1|3|21
2619941|187019|2|5|11
2973337|187019|3|2|19
564729|187019|4|5|12
1611552|187019|5|2|15
1426614|187019|6|4|21
2975645|187019|7|1|21
2523831|187019|8|4|19
840859|187019|9|6|20
3348305|187019|10|3|20
3378815|187019|11|3|15
2034575|187019|12|1|19
1064103|187019|13|3|21
2342608|187019|14|4|11
977290|187754|1|3|21
2115028|187754|2|1|21
1022281|187754|3|2|10
56408|187754|4|1|14
472400|187754|5|5|16
988360|187754|6|2|13
132863|187754|7|0|14
511765|187754|8|1|10
1597719|187754|9|2|11
1420418|187754|10|2|15
2477797|187754|11|2|15
846700|187754|12|2|12
2464437|187754|13|0|20
83059|187754|14|1|23
2891548|187754|15|1|22
2336092|187754|16|1|10
2161954|187754|17|1|23
2561282|187754|18|2|9
457935|187754|19|2|21
114150|187754|20|0|20
1097740|187754|21|1|16
1531521|187754|22|3|20
2574726|187754|23|2|13
2461543|187754|24|0|20
2461112|187754|25|2|12
2827066|187754|26|2|10
3033142|187754|27|0|22
441143|187754|28|2|9
893563|187754|29|5|17
2608156|187754|30|3|12
1498557|187754|31|2|19
838352|187754|32|2|12
1288990|187754|33|3|12
1226353|187754|34|2|15
2226519|187754|35|2|11
1734058|187754|36|1|21
3302954|187754|37|3|14
898182|187754|38|1|17
3297245|187754|39|5|13
1441464|187754|40|1|10
2226168|187754|41|2|23
2076374|187754|42|1|13
2748715|187754|43|5|7
864157|187754|44|2|12
556133|187754|45|6|13
1499755|187754|46|3|11
3048900|192587|1|2|17
2697767|192587|2|0|18
1526155|192587|3|2|17
3222227|192587|4|0|16
1106926|192587|5|0|17
234910|192587|6|0|16
869159|192587|7|1|13
1564888|192587|8|3|13
105056|192587|9|0|14
426548|192587|10|5|10
882659|192587|11|6|9
959101|192587|12|2|13
1718956|192587|13|2|13
80952|192587|14|0|13
2699084|192587|15|6|17
1282918|192587|16|0|19
648152|192587|17|0|18
1447690|192587|18|2|16
1988151|192587|19|0|11
1376173|192587|20|6|14
957316|197989|1|2|15
1613396|197989|2|3|9
510734|197989|3|3|8
3075149|197989|4|2|9
415998|197989|5|3|11
474962|197989|6|2|7
3088946|197989|7|3|15
1170285|197989|8|5|17
2735850|197989|9|4|19
2101320|199124|1|1|11
3178037|199124|2|6|11
968452|199124|3|1|15
3076028|199124|4|2|15
402868|199124|5|0|13
1275247|200078|1|0|18
891675|200078|2|2|16
1890426|200078|3|4|13
3332988|200078|4|5|15
821444|200078|5|6|10
3286131|200078|6|0|7
789383|200078|7|6|13
3177626|200078|8|0|17
3251879|201135|1|5|6
815762|201135|2|0|18
1993003|201135|3|2|11
1416442|201135|4|1|12
1992522|201135|5|2|14
2186372|201135|6|3|20
4165|201135|7|5|7
1038027|201135|8|1|13
325834|201135|9|3|19
2521379|201135|10|0|14
20470|201135|11|1|16
2365530|201135|12|5|6
985284|201135|13|2|6
1821753|201135|14|3|21
300813|201135|15|5|12
709412|201135|16|0|9
2780557|201135|17|2|11
3105958|201135|18|6|13
1181004|201135|19|2|7
2065794|201135|20|6|7
1097282|201135|21|2|7
2764062|201135|22|5|7
2187840|201135|23|1|9
1544103|201135|24|4|8
1165195|201135|25|3|8
819775|201135|26|4|16
2560495|201135|27|5|10
2936204|201135|28|6|16
173219|201135|29|0|16
3201893|201135|30|4|14
2551051|201135|31|0|13
1738522|201135|32|1|17
2450091|201135|33|3|8
198270|201135|34|5|7
426087|201135|35|0|23
3415369|201135|36|2|15
2275341|201135|37|5|15
3305290|201135|38|1|12
1114353|201135|39|1|9
42903|201135|40|3|20
3029220|201135|41|3|21
2973619|201135|42|4|21
1611012|201135|43|0|9
2724195|201135|44|4|18
2493313|201135|45|5|8
3163701|201135|46|6|13
1509666|201135|47|1|10
1110918|201135|48|4|8
2314688|201135|49|6|23
703419|201135|50|2|7
1659008|201135|51|4|16
976496|201135|52|3|14
1634398|201135|53|5|13
1187686|201135|54|1|13
1781739|201135|55|1|22
76791|201135|56|2|16
908805|201135|57|4|12
2740944|201135|58|5|9
638281|201135|59|6|11
174660|201135|60|3|15
199811|201135|61|4|14
1902299|201135|62|0|14
2186687|201135|63|0|18
3355579|201135|64|3|19
2129885|201135|65|6|11
467969|201135|66|1|10
2114773|201135|67|1|21
655013|201135|68|6|16
1008150|201135|69|6|20
1505542|201135|70|0|16
1561343|201135|71|0|18
1793216|201135|72|1|16
1810135|201135|73|2|18
2464068|201135|74|5|8
1687619|201135|75|6|13
1600908|201135|76|4|16
2154304|201135|77|6|14
759737|201135|78|3|12
2837042|201135|79|4|18
2748469|201135|80|1|5
233013|201135|81|0|14
2975426|201135|82|1|16
3244414|201135|83|3|22
2190605|201135|84|5|22
2417030|201135|85|1|22
160602|201135|86|6|22
1682570|201135|87|2|17
226678|201135|88|4|14
70326|201135|89|0|9
976433|201135|90|6|15
956052|201135|91|1|17
2700377|201135|92|2|17
1870476|201135|93|0|15
485171|201135|94|2|4
1905483|201135|95|1|15
2883205|201135|96|0|14
1210150|201135|97|2|7
950687|201135|98|4|21
2640915|201135|99|2|16
876324|201870|1|0|12
1496642|201870|2|6|15
1110880|201870|3|6|16
1201124|201870|4|4|19
603060|201870|5|1|7
2197784|201870|6|1|7
2046941|201870|7|5|16
438103|201870|8|5|20
1597283|201870|9|1|6
1055652|201870|10|0|13
2274165|201870|11|3|16
1443812|201870|12|1|14
3239707|201870|13|3|20
474517|201870|14|0|8
1796499|201870|15|6|9
2640976|203111|1|5|17
921498|203111|2|1|17
2755480|203111|3|0|16
2362817|203111|4|2|17
2491106|203111|5|1|15
2043975|203111|6|5|20
3395829|203111|7|1|13
1059225|203111|8|4|12
2666506|203111|9|3|13
294312|203111|10|1|11
2509589|203111|11|1|16
136083|203111|12|4|18
3193141|203111|13|5|10
3010143|203111|14|2|16
2613818|203111|15|5|13
2097160|203111|16|6|11
2513233|203111|17|4|16
